{
  "6.2 Filter 2 /api/v1/home/filteredData?userId=ext_judavmar&locale=en_US&pageNumber=1" : {
    "transaction" : "6.2 Filter 2 /api/v1/home/filteredData?userId=ext_judavmar&locale=en_US&pageNumber=1",
    "sampleCount" : 103,
    "errorCount" : 26,
    "errorPct" : 25.242718,
    "meanResTime" : 7850.281553398057,
    "medianResTime" : 2405.0,
    "minResTime" : 102.0,
    "maxResTime" : 30304.0,
    "pct1ResTime" : 30097.6,
    "pct2ResTime" : 30112.2,
    "pct3ResTime" : 30303.24,
    "throughput" : 0.1774494484423212,
    "receivedKBytesPerSec" : 0.32652300188475436,
    "sentKBytesPerSec" : 0.1661468715059256
  },
  "6  Bring filter values /api/v1/options/defaultFilters?locale=en_US" : {
    "transaction" : "6  Bring filter values /api/v1/options/defaultFilters?locale=en_US",
    "sampleCount" : 100,
    "errorCount" : 7,
    "errorPct" : 7.0,
    "meanResTime" : 9658.250000000002,
    "medianResTime" : 7821.0,
    "minResTime" : 2364.0,
    "maxResTime" : 30112.0,
    "pct1ResTime" : 18416.800000000003,
    "pct2ResTime" : 30097.95,
    "pct3ResTime" : 30111.99,
    "throughput" : 0.3132576920426281,
    "receivedKBytesPerSec" : 7.0326045947855125,
    "sentKBytesPerSec" : 0.28052471054989253
  },
  "5/api/v1/template/filterFields" : {
    "transaction" : "5/api/v1/template/filterFields",
    "sampleCount" : 292,
    "errorCount" : 41,
    "errorPct" : 14.041096,
    "meanResTime" : 6520.441780821917,
    "medianResTime" : 460.0,
    "minResTime" : 312.0,
    "maxResTime" : 30638.0,
    "pct1ResTime" : 30098.7,
    "pct2ResTime" : 30112.35,
    "pct3ResTime" : 30320.07,
    "throughput" : 0.4756250315590239,
    "receivedKBytesPerSec" : 0.17529574368534473,
    "sentKBytesPerSec" : 0.4352154829793022
  },
  "11 /api/v1/home" : {
    "transaction" : "11 /api/v1/home",
    "sampleCount" : 257,
    "errorCount" : 24,
    "errorPct" : 9.338521,
    "meanResTime" : 4508.128404669263,
    "medianResTime" : 261.0,
    "minResTime" : 151.0,
    "maxResTime" : 30316.0,
    "pct1ResTime" : 24690.60000000003,
    "pct2ResTime" : 30098.1,
    "pct3ResTime" : 30298.68,
    "throughput" : 0.4376993703600886,
    "receivedKBytesPerSec" : 0.5177006524828796,
    "sentKBytesPerSec" : 0.34091812658708603
  },
  "16 /api/v1/options/editfields?locale=en_US" : {
    "transaction" : "16 /api/v1/options/editfields?locale=en_US",
    "sampleCount" : 244,
    "errorCount" : 37,
    "errorPct" : 15.163935,
    "meanResTime" : 5444.000000000001,
    "medianResTime" : 1399.0,
    "minResTime" : 102.0,
    "maxResTime" : 30305.0,
    "pct1ResTime" : 30096.5,
    "pct2ResTime" : 30102.0,
    "pct3ResTime" : 30300.3,
    "throughput" : 0.42875166492705946,
    "receivedKBytesPerSec" : 6.296507584862957,
    "sentKBytesPerSec" : 0.42421800594453635
  },
  "SSFF PMO_REING_Employee_precreated Cookies" : {
    "transaction" : "SSFF PMO_REING_Employee_precreated Cookies",
    "sampleCount" : 210,
    "errorCount" : 186,
    "errorPct" : 88.57143,
    "meanResTime" : 97658.80952380953,
    "medianResTime" : 86084.5,
    "minResTime" : 12163.0,
    "maxResTime" : 236418.0,
    "pct1ResTime" : 168893.2,
    "pct2ResTime" : 199069.29999999987,
    "pct3ResTime" : 234214.62999999983,
    "throughput" : 0.3753270707330674,
    "receivedKBytesPerSec" : 26.13107912564878,
    "sentKBytesPerSec" : 7.380570172087463
  },
  "10 get level /api/v1/home" : {
    "transaction" : "10 get level /api/v1/home",
    "sampleCount" : 270,
    "errorCount" : 25,
    "errorPct" : 9.259259,
    "meanResTime" : 4960.496296296295,
    "medianResTime" : 280.5,
    "minResTime" : 152.0,
    "maxResTime" : 30436.0,
    "pct1ResTime" : 29407.4,
    "pct2ResTime" : 30099.45,
    "pct3ResTime" : 30295.03,
    "throughput" : 0.4566704327882605,
    "receivedKBytesPerSec" : 2.827209188145681,
    "sentKBytesPerSec" : 0.39423502205549055
  },
  "18 /api/v1/validateRequest?locale=en_US" : {
    "transaction" : "18 /api/v1/validateRequest?locale=en_US",
    "sampleCount" : 235,
    "errorCount" : 31,
    "errorPct" : 13.191489,
    "meanResTime" : 4174.097872340428,
    "medianResTime" : 374.0,
    "minResTime" : 100.0,
    "maxResTime" : 30308.0,
    "pct1ResTime" : 29815.4,
    "pct2ResTime" : 30100.2,
    "pct3ResTime" : 30288.64,
    "throughput" : 0.4209440251921565,
    "receivedKBytesPerSec" : 0.2308002644110635,
    "sentKBytesPerSec" : 0.5103281583340648
  },
  "23 /api/v1/home/download" : {
    "transaction" : "23 /api/v1/home/download",
    "sampleCount" : 42,
    "errorCount" : 42,
    "errorPct" : 100.0,
    "meanResTime" : 30132.833333333332,
    "medianResTime" : 30098.5,
    "minResTime" : 30094.0,
    "maxResTime" : 30420.0,
    "pct1ResTime" : 30293.8,
    "pct2ResTime" : 30316.45,
    "pct3ResTime" : 30420.0,
    "throughput" : 0.07995872606711583,
    "receivedKBytesPerSec" : 0.030140691662018274,
    "sentKBytesPerSec" : 0.06848027613365291
  },
  "13/api/v1/options/getDivAreaSubArea" : {
    "transaction" : "13/api/v1/options/getDivAreaSubArea",
    "sampleCount" : 250,
    "errorCount" : 0,
    "errorPct" : 0.0,
    "meanResTime" : 326.7679999999998,
    "medianResTime" : 299.0,
    "minResTime" : 280.0,
    "maxResTime" : 1482.0,
    "pct1ResTime" : 352.30000000000007,
    "pct2ResTime" : 438.7499999999996,
    "pct3ResTime" : 1086.8000000000038,
    "throughput" : 0.4519398160785724,
    "receivedKBytesPerSec" : 0.5214926476171021,
    "sentKBytesPerSec" : 0.36398985632381303
  },
  "22 /api/v1/home/getAdminHierarchy" : {
    "transaction" : "22 /api/v1/home/getAdminHierarchy",
    "sampleCount" : 212,
    "errorCount" : 38,
    "errorPct" : 17.924528,
    "meanResTime" : 7284.136792452835,
    "medianResTime" : 1080.0,
    "minResTime" : 509.0,
    "maxResTime" : 30487.0,
    "pct1ResTime" : 30099.0,
    "pct2ResTime" : 30191.95,
    "pct3ResTime" : 30389.04,
    "throughput" : 0.38896441892935707,
    "receivedKBytesPerSec" : 0.8383730571273142,
    "sentKBytesPerSec" : 0.2841263528898038
  },
  "6.3 Reset Filter /api/v1/home/getAdminHierarchy" : {
    "transaction" : "6.3 Reset Filter /api/v1/home/getAdminHierarchy",
    "sampleCount" : 100,
    "errorCount" : 19,
    "errorPct" : 19.0,
    "meanResTime" : 7837.980000000001,
    "medianResTime" : 1034.0,
    "minResTime" : 527.0,
    "maxResTime" : 30319.0,
    "pct1ResTime" : 30100.7,
    "pct2ResTime" : 30128.95,
    "pct3ResTime" : 30319.0,
    "throughput" : 0.17440927578292323,
    "receivedKBytesPerSec" : 0.37186476163048254,
    "sentKBytesPerSec" : 0.13864174852275343
  },
  "8 /api/v1/template/viewFields/1" : {
    "transaction" : "8 /api/v1/template/viewFields/1",
    "sampleCount" : 280,
    "errorCount" : 30,
    "errorPct" : 10.714286,
    "meanResTime" : 4577.94642857143,
    "medianResTime" : 134.0,
    "minResTime" : 103.0,
    "maxResTime" : 30318.0,
    "pct1ResTime" : 30094.9,
    "pct2ResTime" : 30109.55,
    "pct3ResTime" : 30305.52,
    "throughput" : 0.4684185520513387,
    "receivedKBytesPerSec" : 0.4114182615900133,
    "sentKBytesPerSec" : 0.3654945537978707
  },
  "6.1 Filter 1 /api/v1/home/filterMetadata?locale=en_US" : {
    "transaction" : "6.1 Filter 1 /api/v1/home/filterMetadata?locale=en_US",
    "sampleCount" : 106,
    "errorCount" : 16,
    "errorPct" : 15.094339,
    "meanResTime" : 4913.0471698113215,
    "medianResTime" : 904.0,
    "minResTime" : 103.0,
    "maxResTime" : 30450.0,
    "pct1ResTime" : 24224.099999999977,
    "pct2ResTime" : 30105.85,
    "pct3ResTime" : 30439.78,
    "throughput" : 0.18070142839364953,
    "receivedKBytesPerSec" : 0.08360337773161747,
    "sentKBytesPerSec" : 0.16636437888998182
  },
  "19 /api/v1/validateRequest/getEmployeesToUpdate?locale=en_US" : {
    "transaction" : "19 /api/v1/validateRequest/getEmployeesToUpdate?locale=en_US",
    "sampleCount" : 231,
    "errorCount" : 58,
    "errorPct" : 25.108225,
    "meanResTime" : 5714.770562770564,
    "medianResTime" : 188.0,
    "minResTime" : 99.0,
    "maxResTime" : 30680.0,
    "pct1ResTime" : 30098.0,